,,,2018 COMBINED ESTABLISHMENT DATA,,,2018 COUNTY BUSINESS PATTERNS (CBP) DATA,,,,,,,2018 NONEMPLOYER STATISTICS (NES) DATA,,
State,2017 NAICS Code,2017 NAICS Description,Total CBP and NES Establishments,CBP Establishments Percentage,NES Establishments Percentage,CBP Establishments,"CBP Employment, including March 12th",CBP Employment Noise Flag,CBP First Quarter Payroll (in thousands),CBP First Quarter Payroll Noise Flag,CBP Annual Payroll (in thousands),CBP Annual Payroll Noise Flag,NES Establishments,NES Receipts (in thousands),NES Receipts Noise Flag
United States,00,Total,"34,397,937",23,77,"7,912,405","130,881,471",G,"1,821,516,249",G,"7,097,310,272",G,"26,485,532","1,292,866,710",G
United States,11,"Agriculture, Forestry, Fishing and Hunting","279,765",8.4,91.6,"23,393","163,996",G,"1,632,746",G,"7,350,109",G,"256,372","12,050,948",G
United States,113,Forestry and Logging,"52,932",16.4,83.6,"8,690","54,024",G,"617,298",G,"2,580,588",G,"44,242","2,659,449",G
United States,1131,Timber Tract Operations,N,N,N,487,"3,681",H,"52,198",H,"198,107",H,N,N,N
United States,1132,Forest Nurseries and Gathering of Forest Products,N,N,N,184,"1,139",H,"12,203",H,"47,614",G,N,N,N
United States,1133,Logging,N,N,N,"8,019","49,204",G,"552,897",G,"2,334,867",G,N,N,N
United States,114,"Fishing, Hunting and Trapping","81,297",3.6,96.4,"2,955","7,221",G,"90,275",G,"469,263",G,"78,342","3,998,693",G
United States,1141,Fishing,"66,178",3.9,96.1,"2,570","5,525",G,"75,023",G,"405,238",G,"63,608","3,467,559",G
United States,1142,Hunting and Trapping,"15,119",2.5,97.5,385,"1,696",G,"15,252",G,"64,025",G,"14,734","531,134",G
United States,115,Support Activities for Agriculture and Forestry,"145,536",8.1,91.9,"11,748","102,751",G,"925,173",G,"4,300,258",G,"133,788","5,392,806",G
United States,1151,Support Activities for Crop Production,"68,614",7.4,92.6,"5,092","68,618",G,"617,067",G,"2,886,159",G,"63,522","2,404,289",G
United States,1152,Support Activities for Animal Production,"62,813",7.7,92.3,"4,856","20,770",G,"172,027",G,"752,499",G,"57,957","2,377,029",G
United States,1153,Support Activities for Forestry,"14,109",12.8,87.2,"1,800","13,363",G,"136,079",G,"661,600",G,"12,309","611,488",G
United States,21,"Mining, Quarrying, and Oil and Gas Extraction","108,117",23.7,76.3,"25,593","605,698",G,"15,766,419",G,"57,230,829",G,"82,524","5,722,676",G
United States,211,Oil and Gas Extraction,"62,324",10.1,89.9,"6,277","107,630",G,"5,156,263",G,"15,412,776",G,"56,047","3,374,758",G
United States,2111,Oil and Gas Extraction,"62,324",10.1,89.9,"6,277","107,630",G,"5,156,263",G,"15,412,776",G,"56,047","3,374,758",G
United States,212,Mining (except Oil and Gas),"11,214",52,48,"5,829","170,635",G,"3,424,218",G,"13,660,040",G,"5,385","452,821",G
United States,2121,Coal Mining,"1,399",48.7,51.3,681,"48,600",G,"1,121,816",G,"4,257,127",G,718,"40,832",G
United States,2122,Metal Ore Mining,"1,412",21.5,78.5,303,"35,200",G,"898,909",G,"3,250,833",G,"1,109","56,788",G
United States,2123,Nonmetallic Mineral Mining and Quarrying,"8,403",57.7,42.3,"4,845","86,835",G,"1,403,493",G,"6,152,080",G,"3,558","355,201",G
United States,213,Support Activities for Mining,"34,579",39,61,"13,487","327,433",G,"7,185,938",G,"28,158,013",G,"21,092","1,895,097",G
United States,2131,Support Activities for Mining,"34,579",39,61,"13,487","327,433",G,"7,185,938",G,"28,158,013",G,"21,092","1,895,097",G
United States,22,Utilities,"33,127",57.4,42.6,"19,028","646,930",G,"21,558,892",G,"70,046,908",G,"14,099","904,251",G
United States,221,Utilities,"33,127",57.4,42.6,"19,028","646,930",G,"21,558,892",G,"70,046,908",G,"14,099","904,251",G
United States,2211,"Electric Power Generation, Transmission and Distribution",N,N,N,"11,591","509,907",G,"18,043,376",G,"58,081,514",G,N,N,N
United States,2212,Natural Gas Distribution,N,N,N,"2,505","90,698",G,"2,682,743",G,"8,947,042",G,N,N,N
United States,2213,"Water, Sewage and Other Systems",N,N,N,"4,932","46,325",G,"832,773",G,"3,018,352",G,N,N,N
United States,23,Construction,"3,369,121",21.8,78.2,"733,689","6,814,979",G,"96,544,592",G,"428,743,826",G,"2,635,432","169,732,580",G
United States,236,Construction of Buildings,"990,647",22.5,77.5,"222,751","1,391,532",G,"21,962,288",G,"92,429,703",G,"767,896","61,830,587",G
United States,2361,Residential Building Construction,"854,348",21.1,78.9,"179,964","720,383",G,"9,581,378",G,"40,518,577",G,"674,384","53,536,399",G
United States,2362,Nonresidential Building Construction,"136,299",31.4,68.6,"42,787","671,149",G,"12,380,910",G,"51,911,126",G,"93,512","8,294,188",G
United States,237,Heavy and Civil Engineering Construction,"77,412",49.3,50.7,"38,135","999,733",G,"16,562,377",G,"76,819,067",G,"39,277","3,740,752",G
United States,2371,Utility System Construction,"28,359",67.5,32.5,"19,156","607,919",G,"10,291,282",G,"45,787,707",G,"9,203","660,035",G
United States,2372,Land Subdivision,"14,377",34.7,65.3,"4,983","21,949",G,"413,673",G,"1,634,210",G,"9,394","1,590,021",G
United States,2373,"Highway, Street, and Bridge Construction","16,039",60.4,39.6,"9,687","300,960",G,"4,602,545",G,"24,210,578",G,"6,352","375,698",G
United States,2379,Other Heavy and Civil Engineering Construction,"18,637",23.1,76.9,"4,309","68,905",G,"1,254,877",G,"5,186,572",G,"14,328","1,114,998",G
United States,238,Specialty Trade Contractors,"2,301,062",20.5,79.5,"472,803","4,423,714",G,"58,019,927",G,"259,495,056",G,"1,828,259","104,161,241",G
United States,2381,"Foundation, Structure, and Building Exterior Contractors","377,125",25.2,74.8,"94,874","889,704",G,"10,459,868",G,"48,537,615",G,"282,251","18,220,905",G
United States,2382,Building Equipment Contractors,"507,250",36.8,63.2,"186,488","2,066,222",G,"30,246,384",G,"130,324,616",G,"320,762","18,259,178",G
United States,2383,Building Finishing Contractors,"792,060",15.1,84.9,"119,459","820,770",G,"9,267,671",G,"41,357,230",G,"672,601","34,927,008",G
United States,2389,Other Specialty Trade Contractors,"624,627",11.5,88.5,"71,982","647,018",G,"8,046,004",G,"39,275,595",G,"552,645","32,754,150",G
United States,31-33,Manufacturing,"644,192",45,55,"290,092","11,912,665",G,"183,074,741",G,"717,859,164",G,"354,100","18,641,153",G
United States,311,Food Manufacturing,"76,419",36.3,63.7,"27,728","1,570,295",G,"17,382,198",G,"70,745,062",G,"48,691","1,969,889",G
United States,3111,Animal Food Manufacturing,"3,769",49.7,50.3,"1,873","52,491",G,"761,469",G,"2,949,331",G,"1,896","98,632",G
United States,3112,Grain and Oilseed Milling,"1,345",66.8,33.2,898,"58,596",G,"877,042",G,"3,551,435",G,447,"27,773",G
United States,3113,Sugar and Confectionery Product Manufacturing,"4,790",40.3,59.7,"1,930","80,880",G,"971,317",G,"4,086,403",G,"2,860","90,412",G
United States,3114,Fruit and Vegetable Preserving and Specialty Food Manufacturing,"5,898",32.6,67.4,"1,924","159,258",G,"1,881,955",G,"7,924,322",G,"3,974","149,507",G
United States,3115,Dairy Product Manufacturing,"2,988",56.6,43.4,"1,692","149,295",G,"2,112,098",G,"8,259,812",G,"1,296","73,597",G
United States,3116,Animal Slaughtering and Processing,"6,042",57.6,42.4,"3,480","528,323",G,"5,051,836",G,"20,540,446",G,"2,562","121,951",G
United States,3117,Seafood Product Preparation and Packaging,"2,844",19.5,80.5,555,"30,913",G,"358,401",G,"1,514,150",G,"2,289","188,774",G
United States,3118,Bakeries and Tortilla Manufacturing,"30,659",37.2,62.8,"11,407","293,644",G,"2,725,399",G,"11,087,729",G,"19,252","598,639",G
United States,3119,Other Food Manufacturing,"18,084",21.9,78.1,"3,969","216,895",G,"2,642,681",G,"10,831,434",G,"14,115","620,604",G
United States,312,Beverage and Tobacco Product Manufacturing,"16,401",61.7,38.3,"10,113","239,690",G,"2,958,976",G,"12,174,749",G,"6,288","479,906",G
United States,3121,Beverage Manufacturing,N,N,N,"9,964","226,462",G,"2,678,952",G,"11,261,453",G,N,N,N
United States,3122,Tobacco Manufacturing,N,N,N,149,"13,228",H,"280,024",G,"913,296",G,N,N,N
United States,313,Textile Mills,"3,850",51.5,48.5,"1,981","94,258",G,"1,045,725",G,"4,139,962",G,"1,869","54,893",G
United States,3131,"Fiber, Yarn, and Thread Mills",N,N,N,280,"22,333",G,"209,456",G,"850,074",G,N,N,N
United States,3132,Fabric Mills,N,N,N,821,"45,332",G,"522,346",G,"2,073,779",G,N,N,N
United States,3133,Textile and Fabric Finishing and Fabric Coating Mills,N,N,N,880,"26,593",G,"313,923",G,"1,216,109",G,N,N,N
United States,314,Textile Product Mills,"10,355",55.5,44.5,"5,749","105,494",G,"999,052",G,"4,114,868",G,"4,606","126,341",G
United States,3141,Textile Furnishings Mills,N,N,N,"1,677","49,429",G,"487,869",G,"1,955,374",G,N,N,N
United States,3149,Other Textile Product Mills,N,N,N,"4,072","56,065",G,"511,183",G,"2,159,494",G,N,N,N
United States,315,Apparel Manufacturing,"32,385",16.9,83.1,"5,482","84,546",G,"626,263",G,"2,619,929",G,"26,903","946,817",G
United States,3151,Apparel Knitting Mills,N,N,N,216,"10,738",G,"79,719",G,"333,913",G,N,N,N
United States,3152,Cut and Sew Apparel Manufacturing,N,N,N,"4,683","65,613",G,"479,270",G,"2,002,513",G,N,N,N
United States,3159,Apparel Accessories and Other Apparel Manufacturing,N,N,N,583,"8,195",G,"67,274",G,"283,503",G,N,N,N
United States,316,Leather and Allied Product Manufacturing,"6,509",17.9,82.1,"1,162","25,901",G,"237,176",G,"973,863",G,"5,347","206,813",G
United States,3161,Leather and Hide Tanning and Finishing,"1,474",11.8,88.2,174,"3,339",G,"33,236",G,"142,887",G,"1,300","43,980",G
United States,3162,Footwear Manufacturing,901,24.2,75.8,218,"11,306",G,"109,305",H,"424,378",H,683,"33,477",G
United States,3169,Other Leather and Allied Product Manufacturing,"4,134",18.6,81.4,770,"11,256",G,"94,635",G,"406,598",G,"3,364","129,356",G
United States,321,Wood Product Manufacturing,"40,243",35.9,64.1,"14,463","415,151",G,"4,321,848",G,"17,864,187",G,"25,780","1,367,504",G
United States,3211,Sawmills and Wood Preservation,N,N,N,"3,198","90,518",G,"1,029,452",G,"4,193,584",G,N,N,N
United States,3212,"Veneer, Plywood, and Engineered Wood Product Manufacturing",N,N,N,"1,459","81,765",G,"976,154",G,"3,862,215",G,N,N,N
United States,3219,Other Wood Product Manufacturing,N,N,N,"9,806","242,868",G,"2,316,242",G,"9,808,388",G,N,N,N
United States,322,Paper Manufacturing,"5,194",77,23,"3,999","344,537",G,"5,671,839",G,"22,361,275",G,"1,195","67,169",G
United States,3221,"Pulp, Paper, and Paperboard Mills",N,N,N,452,"98,958",G,"2,106,979",G,"8,233,734",G,N,N,N
United States,3222,Converted Paper Product Manufacturing,N,N,N,"3,547","245,579",G,"3,564,860",G,"14,127,541",G,N,N,N
United States,323,Printing and Related Support Activities,"52,203",47.5,52.5,"24,809","438,516",G,"5,175,859",G,"21,051,467",G,"27,394","1,376,197",G
United States,3231,Printing and Related Support Activities,"52,203",47.5,52.5,"24,809","438,516",G,"5,175,859",G,"21,051,467",G,"27,394","1,376,197",G
United States,324,Petroleum and Coal Products Manufacturing,"4,146",50.8,49.2,"2,106","107,040",G,"3,264,855",H,"11,279,425",H,"2,040","157,284",G
United States,3241,Petroleum and Coal Products Manufacturing,"4,146",50.8,49.2,"2,106","107,040",G,"3,264,855",H,"11,279,425",H,"2,040","157,284",G
United States,325,Chemical Manufacturing,"28,401",47.9,52.1,"13,615","798,028",G,"18,605,362",G,"66,424,099",G,"14,786","736,734",G
United States,3251,Basic Chemical Manufacturing,"3,244",75.2,24.8,"2,440","154,875",H,"3,962,954",H,"14,549,713",H,804,"58,695",G
United States,3252,"Resin, Synthetic Rubber, and Artificial and Synthetic Fibers and Filaments Manufacturing","1,909",75.5,24.5,"1,442","105,254",G,"2,361,074",H,"8,478,545",H,467,"29,336",G
United States,3253,"Pesticide, Fertilizer, and Other Agricultural Chemical Manufacturing","1,941",51,49,990,"32,045",G,"620,708",G,"2,425,859",G,951,"61,900",G
United States,3254,Pharmaceutical and Medicine Manufacturing,"4,673",53.2,46.8,"2,487","255,332",G,"7,458,474",G,"24,624,685",G,"2,186","148,002",G
United States,3255,"Paint, Coating, and Adhesive Manufacturing","4,148",41.3,58.7,"1,715","64,461",G,"1,144,779",G,"4,355,780",G,"2,433","136,526",G
United States,3256,"Soap, Cleaning Compound, and Toilet Preparation Manufacturing","8,048",28.6,71.4,"2,303","102,012",G,"1,702,083",G,"6,520,525",G,"5,745","133,568",G
United States,3259,Other Chemical Product and Preparation Manufacturing,"4,438",50.4,49.6,"2,238","84,049",G,"1,355,290",G,"5,468,992",G,"2,200","168,707",G
United States,326,Plastics and Rubber Products Manufacturing,"16,597",72.7,27.3,"12,065","785,794",G,"9,743,809",G,"39,296,498",G,"4,532","342,528",G
United States,3261,Plastics Product Manufacturing,N,N,N,"10,225","649,465",G,"7,894,284",G,"31,813,644",G,N,N,N
United States,3262,Rubber Product Manufacturing,N,N,N,"1,840","136,329",G,"1,849,525",G,"7,482,854",G,N,N,N
United States,327,Nonmetallic Mineral Product Manufacturing,"23,960",62.9,37.1,"15,076","399,572",G,"5,234,435",G,"22,068,684",G,"8,884","443,293",G
United States,3271,Clay Product and Refractory Manufacturing,"3,702",29.7,70.3,"1,101","35,735",G,"439,148",G,"1,780,053",G,"2,601","59,183",G
United States,3272,Glass and Glass Product Manufacturing,"4,403",38.3,61.7,"1,685","94,639",G,"1,306,707",G,"5,220,117",G,"2,718","114,282",G
United States,3273,Cement and Concrete Product Manufacturing,"10,530",82.8,17.2,"8,715","174,290",G,"2,167,166",G,"9,656,655",G,"1,815","160,424",G
United States,3274,Lime and Gypsum Product Manufacturing,404,77.5,22.5,313,"14,279",G,"250,645",G,"1,014,754",G,91,"4,218",G
United States,3279,Other Nonmetallic Mineral Product Manufacturing,"4,921",66.3,33.7,"3,262","80,629",G,"1,070,769",G,"4,397,105",G,"1,659","105,186",G
United States,331,Primary Metal Manufacturing,"8,330",49.4,50.6,"4,112","374,837",G,"6,343,305",G,"25,343,580",G,"4,218","292,571",G
United States,3311,Iron and Steel Mills and Ferroalloy Manufacturing,N,N,N,442,"88,352",G,"1,957,057",G,"7,965,955",G,N,N,N
United States,3312,Steel Product Manufacturing from Purchased Steel,N,N,N,735,"50,118",G,"747,432",G,"3,026,808",G,N,N,N
United States,3313,Alumina and Aluminum Production and Processing,N,N,N,499,"59,472",G,"999,213",G,"3,813,170",G,N,N,N
United States,3314,Nonferrous Metal (except Aluminum) Production and Processing,N,N,N,842,"57,842",G,"952,203",G,"3,743,883",G,N,N,N
United States,3315,Foundries,N,N,N,"1,594","119,053",G,"1,687,400",G,"6,793,764",G,N,N,N
United States,332,Fabricated Metal Product Manufacturing,"95,517",57.6,42.4,"55,020","1,437,086",G,"19,198,687",G,"78,746,579",G,"40,497","2,524,747",G
United States,3321,Forging and Stamping,N,N,N,"2,319","105,501",G,"1,438,947",G,"5,883,903",G,N,N,N
United States,3322,Cutlery and Handtool Manufacturing,N,N,N,"1,089","34,551",G,"469,116",G,"1,852,177",G,N,N,N
United States,3323,Architectural and Structural Metals Manufacturing,N,N,N,"13,550","375,871",G,"4,814,097",G,"19,957,349",G,N,N,N
United States,3324,"Boiler, Tank, and Shipping Container Manufacturing",N,N,N,"1,503","85,822",G,"1,348,626",G,"5,439,024",G,N,N,N
United States,3325,Hardware Manufacturing,N,N,N,588,"28,670",G,"365,133",G,"1,473,898",G,N,N,N
United States,3326,Spring and Wire Product Manufacturing,N,N,N,"1,102","38,406",G,"462,118",G,"1,897,298",G,N,N,N
United States,3327,"Machine Shops; Turned Product; and Screw, Nut, and Bolt Manufacturing",N,N,N,"23,104","382,519",G,"4,987,952",G,"20,817,157",G,N,N,N
United States,3328,"Coating, Engraving, Heat Treating, and Allied Activities",N,N,N,"5,612","130,643",G,"1,519,390",G,"6,339,493",G,N,N,N
United States,3329,Other Fabricated Metal Product Manufacturing,N,N,N,"6,153","255,103",G,"3,793,308",G,"15,086,280",G,N,N,N
United States,333,Machinery Manufacturing,"37,998",60.7,39.3,"23,060","1,057,407",G,"17,874,197",G,"69,587,536",G,"14,938","1,068,088",G
United States,3331,"Agriculture, Construction, and Mining Machinery Manufacturing",N,N,N,"2,893","189,447",G,"3,069,541",G,"11,947,706",G,N,N,N
United States,3332,Industrial Machinery Manufacturing,N,N,N,"3,080","109,011",G,"2,407,286",G,"8,530,758",G,N,N,N
United States,3333,Commercial and Service Industry Machinery Manufacturing,N,N,N,"1,891","70,993",G,"1,230,944",G,"5,022,248",G,N,N,N
United States,3334,"Ventilation, Heating, Air-Conditioning, and Commercial Refrigeration Equipment Manufacturing",N,N,N,"1,692","128,386",G,"1,698,239",G,"6,866,512",G,N,N,N
United States,3335,Metalworking Machinery Manufacturing,N,N,N,"6,468","150,956",G,"2,250,903",G,"9,242,729",G,N,N,N
United States,3336,"Engine, Turbine, and Power Transmission Equipment Manufacturing",N,N,N,985,"101,007",G,"1,992,392",G,"7,097,511",G,N,N,N
United States,3339,Other General Purpose Machinery Manufacturing,N,N,N,"6,051","307,607",G,"5,224,892",G,"20,880,072",G,N,N,N
United States,334,Computer and Electronic Product Manufacturing,"20,598",58.5,41.5,"12,044","780,965",G,"17,907,942",G,"69,991,177",G,"8,554","502,162",G
United States,3341,Computer and Peripheral Equipment Manufacturing,N,N,N,916,"40,392",G,"865,516",G,"3,417,450",G,N,N,N
United States,3342,Communications Equipment Manufacturing,N,N,N,"1,260","82,857",G,"2,115,797",G,"8,083,614",G,N,N,N
United States,3343,Audio and Video Equipment Manufacturing,N,N,N,459,"8,974",G,"153,897",G,"637,196",G,N,N,N
United States,3344,Semiconductor and Other Electronic Component Manufacturing,N,N,N,"3,789","257,700",G,"5,533,646",G,"21,167,164",G,N,N,N
United States,3345,"Navigational, Measuring, Electromedical, and Control Instruments Manufacturing",N,N,N,"5,201","383,979",G,"9,130,649",G,"36,247,186",G,N,N,N
United States,3346,Manufacturing and Reproducing Magnetic and Optical Media,N,N,N,419,"7,063",G,"108,437",G,"438,567",G,N,N,N
United States,335,"Electrical Equipment, Appliance, and Component Manufacturing","12,158",45.6,54.4,"5,549","345,470",G,"5,317,874",G,"21,301,087",G,"6,609","446,633",G
United States,3351,Electric Lighting Equipment Manufacturing,N,N,N,"1,088","42,077",G,"601,403",G,"2,495,810",G,N,N,N
United States,3352,Household Appliance Manufacturing,N,N,N,319,"52,158",G,"679,765",G,"2,610,802",G,N,N,N
United States,3353,Electrical Equipment Manufacturing,N,N,N,"2,066","117,175",G,"1,812,583",G,"7,336,990",G,N,N,N
United States,3359,Other Electrical Equipment and Component Manufacturing,N,N,N,"2,076","134,060",G,"2,224,123",G,"8,857,485",G,N,N,N
United States,336,Transportation Equipment Manufacturing,"23,048",50.2,49.8,"11,567","1,585,194",G,"28,557,196",G,"108,513,406",G,"11,481","836,480",G
United States,3361,Motor Vehicle Manufacturing,N,N,N,317,"211,573",G,"4,302,831",G,"16,800,020",G,N,N,N
United States,3362,Motor Vehicle Body and Trailer Manufacturing,N,N,N,"1,923","167,491",H,"1,993,423",H,"7,902,792",H,N,N,N
United States,3363,Motor Vehicle Parts Manufacturing,N,N,N,"4,829","599,247",G,"8,456,618",G,"32,908,628",G,N,N,N
United States,3364,Aerospace Product and Parts Manufacturing,N,N,N,"1,917","408,069",G,"10,751,019",G,"38,575,878",G,N,N,N
United States,3365,Railroad Rolling Stock Manufacturing,N,N,N,244,"27,602",G,"446,433",G,"1,842,079",G,N,N,N
United States,3366,Ship and Boat Building,N,N,N,"1,475","137,486",G,"2,089,862",G,"8,439,466",G,N,N,N
United States,3369,Other Transportation Equipment Manufacturing,N,N,N,862,"33,726",G,"517,010",G,"2,044,543",G,N,N,N
United States,337,Furniture and Related Product Manufacturing,"34,786",41.9,58.1,"14,581","372,286",G,"3,981,127",G,"16,128,431",G,"20,205","1,042,356",G
United States,3371,Household and Institutional Furniture and Kitchen Cabinet Manufacturing,N,N,N,"10,129","223,181",G,"2,139,767",G,"8,755,360",G,N,N,N
United States,3372,Office Furniture (including Fixtures) Manufacturing,N,N,N,"3,727","116,210",G,"1,477,113",G,"5,887,682",G,N,N,N
United States,3379,Other Furniture Related Product Manufacturing,N,N,N,725,"32,895",G,"364,247",G,"1,485,389",G,N,N,N
United States,339,Miscellaneous Manufacturing,"95,094",27.1,72.9,"25,811","550,598",G,"8,627,016",G,"33,133,300",G,"69,283","3,652,748",G
United States,3391,Medical Equipment and Supplies Manufacturing,"17,264",57.3,42.7,"9,887","282,757",G,"5,175,399",G,"19,163,445",G,"7,377","522,020",G
United States,3399,Other Miscellaneous Manufacturing,"77,830",20.5,79.5,"15,924","267,841",G,"3,451,617",G,"13,969,855",G,"61,906","3,130,728",G
United States,42,Wholesale Trade,"803,048",50.3,49.7,"403,648","6,163,815",G,"115,345,533",G,"450,453,631",G,"399,400","37,977,982",G
United States,423,"Merchant Wholesalers, Durable Goods","425,103",55.7,44.3,"236,609","3,497,708",G,"67,541,019",G,"268,878,109",G,"188,494","19,255,513",G
United States,4231,Motor Vehicle and Motor Vehicle Parts and Supplies Merchant Wholesalers,"40,303",58.2,41.8,"23,452","407,539",G,"6,006,748",G,"24,088,367",G,"16,851","2,358,008",G
United States,4232,Furniture and Home Furnishing Merchant Wholesalers,"25,148",51.3,48.7,"12,906","167,302",G,"2,592,318",G,"10,549,590",G,"12,242","1,079,378",G
United States,4233,Lumber and Other Construction Materials Merchant Wholesalers,"24,519",71.8,28.2,"17,608","258,210",G,"3,922,722",G,"15,868,730",G,"6,911","857,844",G
United States,4234,Professional and Commercial Equipment and Supplies Merchant Wholesalers,"46,318",76.4,23.6,"35,387","643,170",G,"16,319,957",G,"62,520,776",G,"10,931","1,216,243",G
United States,4235,Metal and Mineral (except Petroleum) Merchant Wholesalers,"12,182",78.8,21.2,"9,604","150,755",G,"2,488,449",G,"10,391,819",G,"2,578","385,063",G
United States,4236,Household Appliances and Electrical and Electronic Goods Merchant Wholesalers,"37,515",76.2,23.8,"28,601","521,137",G,"13,633,066",G,"54,231,528",G,"8,914","1,099,707",G
United States,4237,"Hardware, and Plumbing and Heating Equipment and Supplies Merchant Wholesalers","23,652",82.8,17.2,"19,580","252,941",G,"4,356,263",G,"17,167,011",G,"4,072","446,402",G
United States,4238,"Machinery, Equipment, and Supplies Merchant Wholesalers","74,960",76.8,23.2,"57,556","770,741",G,"13,495,628",G,"54,928,216",G,"17,404","2,420,676",G
United States,4239,Miscellaneous Durable Goods Merchant Wholesalers,"140,506",22.7,77.3,"31,915","325,913",G,"4,725,868",G,"19,132,072",G,"108,591","9,392,192",G
United States,424,"Merchant Wholesalers, Nondurable Goods","272,944",46.9,53.1,"128,000","2,381,687",G,"44,021,919",G,"165,902,214",G,"144,944","13,821,559",G
United States,4241,Paper and Paper Product Merchant Wholesalers,"13,901",66.7,33.3,"9,271","150,277",G,"2,411,413",G,"9,214,950",G,"4,630","452,172",G
United States,4242,Drugs and Druggists' Sundries Merchant Wholesalers,"13,240",78.7,21.3,"10,421","307,215",G,"11,689,501",G,"38,318,073",G,"2,819","266,078",G
United States,4243,"Apparel, Piece Goods, and Notions Merchant Wholesalers","41,115",36.4,63.6,"14,965","197,100",G,"3,231,774",G,"12,736,003",G,"26,150","1,816,166",G
United States,4244,Grocery and Related Product Merchant Wholesalers,"62,981",56.3,43.7,"35,474","858,275",G,"12,042,210",G,"48,119,600",G,"27,507","4,015,983",G
United States,4245,Farm Product Raw Material Merchant Wholesalers,"11,967",51.4,48.6,"6,157","60,895",G,"803,485",G,"3,569,543",G,"5,810","641,880",G
United States,4246,Chemical and Allied Products Merchant Wholesalers,"15,583",79.4,20.6,"12,373","162,303",G,"3,400,787",G,"13,079,184",G,"3,210","419,767",G
United States,4247,Petroleum and Petroleum Products Merchant Wholesalers,"8,489",73.8,26.2,"6,266","100,223",G,"2,372,218",G,"8,165,077",G,"2,223","303,042",G
United States,4248,"Beer, Wine, and Distilled Alcoholic Beverage Merchant Wholesalers","10,878",42,58,"4,565","201,670",G,"3,319,585",G,"13,220,998",G,"6,313","558,835",G
United States,4249,Miscellaneous Nondurable Goods Merchant Wholesalers,"94,790",30.1,69.9,"28,508","343,729",G,"4,750,946",G,"19,478,786",G,"66,282","5,347,636",G
United States,425,Wholesale Electronic Markets and Agents and Brokers,"105,001",37.2,62.8,"39,039","284,420",G,"3,782,595",G,"15,673,308",G,"65,962","4,900,910",G
United States,4251,Wholesale Electronic Markets and Agents and Brokers,"105,001",37.2,62.8,"39,039","284,420",G,"3,782,595",G,"15,673,308",G,"65,962","4,900,910",G
United States,44-45,Retail Trade,"3,153,574",33.3,66.7,"1,050,175","15,683,147",G,"111,367,643",G,"457,384,241",G,"2,103,399","92,223,301",G
United States,441,Motor Vehicle and Parts Dealers,"284,957",41.5,58.5,"118,387","2,011,372",G,"22,383,062",G,"94,519,553",G,"166,570","18,085,703",G
United States,4411,Automobile Dealers,"154,399",30.4,69.6,"46,871","1,334,417",G,"16,898,174",G,"71,025,637",G,"107,528","13,650,097",G
United States,4412,Other Motor Vehicle Dealers,"33,470",41,59,"13,720","151,951",G,"1,524,134",G,"6,960,713",G,"19,750","1,801,701",G
United States,4413,"Automotive Parts, Accessories, and Tire Stores","97,088",59.5,40.5,"57,796","525,004",G,"3,960,754",G,"16,533,203",G,"39,292","2,633,905",G
United States,442,Furniture and Home Furnishings Stores,"88,215",56.5,43.5,"49,845","469,469",G,"3,634,469",G,"15,134,210",G,"38,370","2,496,779",G
United States,4421,Furniture Stores,"37,554",61.7,38.3,"23,166","209,076",G,"1,967,825",G,"8,176,457",G,"14,388","959,742",G
United States,4422,Home Furnishings Stores,"50,661",52.7,47.3,"26,679","260,393",G,"1,666,644",G,"6,957,753",G,"23,982","1,537,037",G
United States,443,Electronics and Appliance Stores,"50,825",54.1,45.9,"27,500","308,132",H,"2,400,903",H,"9,818,160",H,"23,325","1,352,950",G
United States,4431,Electronics and Appliance Stores,"50,825",54.1,45.9,"27,500","308,132",H,"2,400,903",H,"9,818,160",H,"23,325","1,352,950",G
United States,444,Building Material and Garden Equipment and Supplies Dealers,"109,021",68.4,31.6,"74,591","1,361,087",H,"10,179,365",G,"41,982,010",G,"34,430","2,373,993",G
United States,4441,Building Material and Supplies Dealers,"80,052",71.3,28.7,"57,076","1,204,628",H,"9,093,376",G,"37,012,099",H,"22,976","1,817,534",G
United States,4442,Lawn and Garden Equipment and Supplies Stores,"28,969",60.5,39.5,"17,515","156,459",G,"1,085,989",G,"4,969,911",G,"11,454","556,459",G
United States,445,Food and Beverage Stores,"247,156",60.8,39.2,"150,289","3,087,358",G,"18,463,425",G,"73,973,745",G,"96,867","7,311,232",G
United States,4451,Grocery Stores,"130,538",71.7,28.3,"93,538","2,751,700",G,"16,719,503",G,"66,565,911",G,"37,000","3,147,052",G
United States,4452,Specialty Food Stores,"72,142",30.7,69.3,"22,175","160,491",G,"807,171",G,"3,441,731",G,"49,967","2,712,864",G
United States,4453,"Beer, Wine, and Liquor Stores","44,476",77.7,22.3,"34,576","175,167",G,"936,751",G,"3,966,103",G,"9,900","1,451,316",G
United States,446,Health and Personal Care Stores,"263,367",35.5,64.5,"93,468","1,038,123",G,"9,193,414",G,"36,260,498",G,"169,899","4,491,513",G
United States,4461,Health and Personal Care Stores,"263,367",35.5,64.5,"93,468","1,038,123",G,"9,193,414",G,"36,260,498",G,"169,899","4,491,513",G
United States,447,Gasoline Stations,"120,139",93.8,6.2,"112,662","974,156",G,"4,745,938",G,"20,042,622",G,"7,477","1,041,751",G
United States,4471,Gasoline Stations,"120,139",93.8,6.2,"112,662","974,156",G,"4,745,938",G,"20,042,622",G,"7,477","1,041,751",G
United States,448,Clothing and Clothing Accessories Stores,"319,325",43.7,56.3,"139,595","1,702,273",G,"8,001,217",G,"33,023,473",G,"179,730","6,696,482",G
United States,4481,Clothing Stores,"227,219",41.5,58.5,"94,193","1,342,702",G,"5,887,973",G,"24,572,994",G,"133,026","4,751,440",G
United States,4482,Shoe Stores,"28,314",82.5,17.5,"23,360","239,501",G,"989,296",G,"4,052,897",G,"4,954","292,866",G
United States,4483,"Jewelry, Luggage, and Leather Goods Stores","63,792",34.6,65.4,"22,042","120,070",G,"1,123,948",G,"4,397,582",G,"41,750","1,652,176",G
United States,451,"Sporting Goods, Hobby, Musical Instrument, and Book Stores","120,546",36.4,63.6,"43,936","526,409",G,"2,439,289",G,"10,156,048",G,"76,610","3,401,296",G
United States,4511,"Sporting Goods, Hobby, and Musical Instrument Stores","100,810",36.5,63.5,"36,845","456,296",G,"2,137,773",G,"8,901,851",G,"63,965","2,952,226",G
United States,4512,Book Stores and News Dealers,"19,736",35.9,64.1,"7,091","70,113",J,"301,516",H,"1,254,197",H,"12,645","449,070",G
United States,452,General Merchandise Stores,"87,117",61.7,38.3,"53,772","2,665,437",H,"16,414,174",H,"66,701,588",H,"33,345","1,546,393",G
United States,4522,Department Stores,N,N,N,"4,133","456,031",G,"2,250,744",G,"9,160,507",G,N,N,N
United States,4523,"General Merchandise Stores, including Warehouse Clubs and Supercenters",N,N,N,"49,639","2,209,406",H,"14,163,430",H,"57,541,081",H,N,N,N
United States,453,Miscellaneous Store Retailers,"379,359",28.5,71.5,"108,155","760,362",G,"4,186,484",G,"17,928,211",G,"271,204","13,112,995",G
United States,4531,Florists,"36,411",33.9,66.1,"12,361","55,660",G,"261,644",G,"1,099,605",G,"24,050","1,004,024",G
United States,4532,"Office Supplies, Stationery, and Gift Stores","71,465",36.8,63.2,"26,267","205,955",G,"1,015,549",G,"4,345,680",G,"45,198","1,754,204",G
United States,4533,Used Merchandise Stores,"82,612",23.8,76.2,"19,669","203,138",G,"950,748",G,"3,965,924",G,"62,943","1,862,232",G
United States,4539,Other Miscellaneous Store Retailers,"188,871",26.4,73.6,"49,858","295,609",G,"1,958,543",G,"8,517,002",G,"139,013","8,492,535",G
United States,454,Nonstore Retailers,"1,083,547",7.2,92.8,"77,975","778,969",G,"9,325,903",G,"37,844,123",G,"1,005,572","30,312,214",G
United States,4541,Electronic Shopping and Mail-Order Houses,"219,278",19.4,80.6,"42,516","556,513",G,"7,029,096",G,"28,410,268",G,"176,762","9,571,485",G
United States,4542,Vending Machine Operators,"21,017",17.7,82.3,"3,711","41,440",H,"349,541",H,"1,447,771",H,"17,306","683,470",G
United States,4543,Direct Selling Establishments,"843,252",3.8,96.2,"31,748","181,016",G,"1,947,266",G,"7,986,084",G,"811,504","20,057,259",G
United States,48-49,Transportation and Warehousing,"2,817,186",8.7,91.3,"244,800","5,031,836",G,"64,892,434",G,"262,456,589",G,"2,572,386","117,315,940",G
United States,481,Air Transportation,"28,455",15.5,84.5,"4,414","479,569",H,"11,448,100",H,"41,816,576",H,"24,041","1,586,477",G
United States,4811,Scheduled Air Transportation,N,N,N,"2,201","437,483",H,"10,449,985",H,"37,748,563",H,N,N,N
United States,4812,Nonscheduled Air Transportation,N,N,N,"2,213","42,086",G,"998,115",G,"4,068,013",G,N,N,N
United States,483,Water Transportation,"9,308",17.7,82.3,"1,646","61,530",G,"1,439,131",G,"5,292,988",G,"7,662","619,893",G
United States,4831,"Deep Sea, Coastal, and Great Lakes Water Transportation",N,N,N,"1,048","42,097",H,"1,086,104",H,"3,778,974",H,N,N,N
United States,4832,Inland Water Transportation,N,N,N,598,"19,433",G,"353,027",G,"1,514,014",G,N,N,N
United States,484,Truck Transportation,"817,376",16.5,83.5,"134,769","1,514,255",G,"18,119,010",G,"77,504,991",G,"682,607","71,324,558",G
United States,4841,General Freight Trucking,"711,192",11.9,88.1,"84,662","1,019,157",G,"12,374,637",G,"52,236,855",G,"626,530","67,062,008",G
United States,4842,Specialized Freight Trucking,"106,184",47.2,52.8,"50,107","495,098",G,"5,744,373",G,"25,268,136",G,"56,077","4,262,550",G
United States,485,Transit and Ground Passenger Transportation,"1,347,956",1.5,98.5,"20,415","512,754",G,"3,978,455",G,"16,302,848",G,"1,327,541","29,256,808",G
United States,4851,Urban Transit Systems,"3,191",23.4,76.6,746,"55,334",G,"654,807",G,"2,776,328",G,"2,445","76,940",G
United States,4852,Interurban and Rural Bus Transportation,"3,177",20.6,79.4,655,"18,868",H,"146,574",H,"627,521",H,"2,522","86,172",G
United States,4853,Taxi and Limousine Service,"1,204,310",0.7,99.3,"8,028","73,140",G,"872,045",H,"3,432,448",H,"1,196,282","25,892,132",G
United States,4854,School and Employee Bus Transportation,"11,414",38.1,61.9,"4,349","234,835",H,"1,387,312",H,"5,631,178",H,"7,065","219,196",G
United States,4855,Charter Bus Industry,"5,648",22.8,77.2,"1,287","32,947",G,"257,270",G,"1,103,608",G,"4,361","219,032",G
United States,4859,Other Transit and Ground Passenger Transportation,"120,216",4.5,95.5,"5,350","97,630",G,"660,447",G,"2,731,765",G,"114,866","2,763,336",G
United States,486,Pipeline Transportation,"4,954",69.4,30.6,"3,440","47,758",J,"1,902,051",H,"5,785,808",H,"1,514","106,634",G
United States,4861,Pipeline Transportation of Crude Oil,N,N,N,777,"12,798",H,"493,416",H,"1,516,212",H,N,N,N
United States,4862,Pipeline Transportation of Natural Gas,N,N,N,"1,976","26,254",J,"1,046,438",H,"3,199,270",H,N,N,N
United States,4869,Other Pipeline Transportation,N,N,N,687,"8,706",H,"362,197",G,"1,070,326",H,N,N,N
United States,487,Scenic and Sightseeing Transportation,"9,545",30.8,69.2,"2,938","29,798",G,"237,815",G,"1,201,408",G,"6,607","251,806",G
United States,4871,"Scenic and Sightseeing Transportation, Land",N,N,N,761,"11,690",G,"83,489",G,"391,155",G,N,N,N
United States,4872,"Scenic and Sightseeing Transportation, Water",N,N,N,"1,908","14,642",G,"117,467",G,"635,964",G,N,N,N
United States,4879,"Scenic and Sightseeing Transportation, Other",N,N,N,269,"3,466",G,"36,859",G,"174,289",G,N,N,N
United States,488,Support Activities for Transportation,"189,356",24.2,75.8,"45,792","742,796",G,"9,895,166",G,"40,382,654",G,"143,564","7,377,962",G
United States,4881,Support Activities for Air Transportation,N,N,N,"6,138","210,222",G,"2,297,311",G,"9,471,341",G,N,N,N
United States,4882,Support Activities for Rail Transportation,N,N,N,"1,502","41,972",G,"586,511",G,"2,285,009",G,N,N,N
United States,4883,Support Activities for Water Transportation,N,N,N,"2,625","96,256",G,"1,807,652",G,"7,198,240",G,N,N,N
United States,4884,Support Activities for Road Transportation,N,N,N,"12,600","104,529",G,"928,164",G,"3,847,374",G,N,N,N
United States,4885,Freight Transportation Arrangement,N,N,N,"21,173","271,878",G,"4,049,224",G,"16,708,576",G,N,N,N
United States,4889,Other Support Activities for Transportation,N,N,N,"1,754","17,939",G,"226,304",H,"872,114",G,N,N,N
United States,492,Couriers and Messengers,"376,156",3.8,96.2,"14,467","675,990",G,"7,499,513",H,"30,932,534",H,"361,689","6,121,031",G
United States,4921,Couriers and Express Delivery Services,N,N,N,"9,985","620,505",G,"7,031,409",H,"28,896,973",H,N,N,N
United States,4922,Local Messengers and Local Delivery,N,N,N,"4,482","55,485",G,"468,104",G,"2,035,561",G,N,N,N
United States,493,Warehousing and Storage,"34,080",49.6,50.4,"16,919","967,386",G,"10,373,193",G,"43,236,782",G,"17,161","670,771",G
United States,4931,Warehousing and Storage,"34,080",49.6,50.4,"16,919","967,386",G,"10,373,193",G,"43,236,782",G,"17,161","670,771",G
United States,51,Information,"516,271",30.6,69.4,"157,766","3,600,900",G,"104,379,653",G,"385,210,556",G,"358,505","14,019,223",G
United States,511,Publishing Industries (except Internet),"93,048",31.9,68.1,"29,662","1,015,946",G,"33,936,774",G,"133,412,660",G,"63,386","2,287,429",G
United States,5111,"Newspaper, Periodical, Book, and Directory Publishers",N,N,N,"15,474","343,660",G,"6,004,827",G,"22,198,079",G,N,N,N
United States,5112,Software Publishers,N,N,N,"14,188","672,286",G,"27,931,947",G,"111,214,581",G,N,N,N
United States,512,Motion Picture and Sound Recording Industries,"164,370",16.4,83.6,"26,880","336,658",G,"5,052,211",G,"19,664,915",G,"137,490","4,596,813",G
United States,5121,Motion Picture and Video Industries,"129,528",17.9,82.1,"23,174","313,068",G,"4,282,416",G,"17,231,275",G,"106,354","3,761,626",G
United States,5122,Sound Recording Industries,"34,842",10.6,89.4,"3,706","23,590",G,"769,795",H,"2,433,640",G,"31,136","835,187",G
United States,515,Broadcasting (except Internet),"27,476",29.3,70.7,"8,063","254,422",G,"6,591,965",G,"23,276,029",G,"19,413","642,486",G
United States,5151,Radio and Television Broadcasting,N,N,N,"7,361","203,827",G,"4,353,256",G,"16,102,530",G,N,N,N
United States,5152,Cable and Other Subscription Programming,N,N,N,702,"50,595",G,"2,238,709",G,"7,173,499",G,N,N,N
United States,517,Telecommunications,"89,928",70.4,29.6,"63,342","1,129,079",H,"24,836,892",G,"84,807,167",G,"26,586","1,501,151",G
United States,5173,Wired and Wireless Telecommunications Carriers,N,N,N,"59,241","1,068,573",H,"23,175,325",G,"78,799,164",G,N,N,N
United States,5174,Satellite Telecommunications,N,N,N,410,"8,284",H,"259,153",G,"963,173",G,N,N,N
United States,5179,Other Telecommunications,N,N,N,"3,691","52,222",G,"1,402,414",G,"5,044,830",G,N,N,N
United States,518,"Data Processing, Hosting, and Related Services","64,433",27.2,72.8,"17,526","546,889",G,"15,701,369",G,"57,688,904",G,"46,907","1,724,479",G
United States,5182,"Data Processing, Hosting, and Related Services","64,433",27.2,72.8,"17,526","546,889",G,"15,701,369",G,"57,688,904",G,"46,907","1,724,479",G
United States,519,Other Information Services,"77,016",16,84,"12,293","317,906",G,"18,260,442",H,"66,360,881",H,"64,723","3,266,865",G
United States,5191,Other Information Services,"77,016",16,84,"12,293","317,906",G,"18,260,442",H,"66,360,881",H,"64,723","3,266,865",G
United States,52,Finance and Insurance,"1,232,915",38.7,61.3,"477,562","6,499,208",G,"222,470,903",G,"673,470,881",G,"755,353","63,410,367",G
United States,521,Monetary Authorities-Central Bank,N,N,N,58,"19,786",H,"561,991",H,"2,409,340",H,N,N,N
United States,5211,Monetary Authorities-Central Bank,N,N,N,58,"19,786",H,"561,991",H,"2,409,340",H,N,N,N
United States,522,Credit Intermediation and Related Activities,"235,883",80.4,19.6,"189,666","2,869,431",G,"76,464,360",G,"238,577,635",G,"46,217","3,365,134",G
United States,5221,Depository Credit Intermediation,"122,656",95,5,"116,467","1,944,156",G,"52,013,679",G,"156,813,544",G,"6,189","256,850",G
United States,5222,Nondepository Credit Intermediation,"68,304",67.2,32.8,"45,898","624,550",G,"16,862,217",G,"55,207,103",G,"22,406","1,988,300",G
United States,5223,Activities Related to Credit Intermediation,"44,923",60.8,39.2,"27,301","300,725",G,"7,588,464",G,"26,556,988",G,"17,622","1,119,984",G
United States,523,"Securities, Commodity Contracts, and Other Financial Investments and Related Activities","403,978",25.7,74.3,"103,854","925,359",G,"75,552,604",G,"202,811,558",G,"300,124","36,323,346",G
United States,5231,Securities and Commodity Contracts Intermediation and Brokerage,"56,526",50.6,49.4,"28,593","357,709",G,"35,466,717",G,"85,336,900",G,"27,933","5,817,866",G
United States,5232,Securities and Commodity Exchanges,"1,069",3.7,96.3,40,"5,790",G,"571,195",G,"1,315,235",G,"1,029","369,078",G
United States,5239,Other Financial Investment Activities,"346,383",21.7,78.3,"75,221","561,860",G,"39,514,692",G,"116,159,423",G,"271,162","30,136,402",G
United States,524,Insurance Carriers and Related Activities,"591,912",30.9,69.1,"182,900","2,680,307",G,"69,636,563",G,"229,003,373",G,"409,012","23,721,887",G
United States,5241,Insurance Carriers,"34,734",94.7,5.3,"32,882","1,538,536",G,"48,400,376",G,"148,695,140",G,"1,852","182,482",G
United States,5242,"Agencies, Brokerages, and Other Insurance Related Activities","557,178",26.9,73.1,"150,018","1,141,771",G,"21,236,187",G,"80,308,233",G,"407,160","23,539,405",G
United States,525,"Funds, Trusts, and Other Financial Vehicles",N,N,N,"1,084","4,325",G,"255,385",G,"668,975",G,N,N,N
United States,5259,Other Investment Pools and Funds,N,N,N,"1,084","4,325",G,"255,385",G,"668,975",G,N,N,N
United States,53,Real Estate and Rental and Leasing,"3,294,258",12.7,87.3,"418,005","2,209,646",G,"30,697,402",G,"122,888,788",G,"2,876,253","289,865,569",G
United States,531,Real Estate,"3,151,923",11.5,88.5,"361,500","1,653,814",G,"22,939,203",G,"91,089,104",G,"2,790,423","282,013,890",G
United States,5311,Lessors of Real Estate,"1,350,660",9.7,90.3,"130,930","598,343",G,"8,024,994",G,"29,568,289",G,"1,219,730","172,190,716",G
United States,5312,Offices of Real Estate Agents and Brokers,"928,660",14.1,85.9,"130,810","341,693",G,"5,156,573",G,"21,842,767",G,"797,850","45,731,975",G
United States,5313,Activities Related to Real Estate,"872,603",11.4,88.6,"99,760","713,778",G,"9,757,636",G,"39,678,048",G,"772,843","64,091,199",G
United States,532,Rental and Leasing Services,"136,816",39.3,60.7,"53,778","516,661",G,"6,608,778",G,"27,152,771",G,"83,038","7,552,384",G
United States,5321,Automotive Equipment Rental and Leasing,"37,575",43.9,56.1,"16,486","172,713",H,"1,955,816",H,"7,920,949",H,"21,089","1,295,775",G
United States,5322,Consumer Goods Rental,"37,142",49.6,50.4,"18,418","132,305",G,"1,166,628",G,"4,991,474",G,"18,724","830,084",G
United States,5323,General Rental Centers,"10,262",29.7,70.3,"3,045","20,103",G,"197,832",G,"885,916",G,"7,217","618,069",G
United States,5324,Commercial and Industrial Machinery and Equipment Rental and Leasing,"51,837",30.5,69.5,"15,829","191,540",G,"3,288,502",G,"13,354,432",G,"36,008","4,808,456",G
United States,533,Lessors of Nonfinancial Intangible Assets (except Copyrighted Works),"5,519",49.4,50.6,"2,727","39,171",G,"1,149,421",G,"4,646,913",H,"2,792","299,295",G
United States,5331,Lessors of Nonfinancial Intangible Assets (except Copyrighted Works),"5,519",49.4,50.6,"2,727","39,171",G,"1,149,421",G,"4,646,913",H,"2,792","299,295",G
United States,54,"Professional, Scientific, and Technical Services","4,648,172",19.8,80.2,"921,521","9,111,666",G,"197,886,799",G,"801,735,878",G,"3,726,651","178,372,645",G
United States,541,"Professional, Scientific, and Technical Services","4,648,172",19.8,80.2,"921,521","9,111,666",G,"197,886,799",G,"801,735,878",G,"3,726,651","178,372,645",G
United States,5411,Legal Services,"478,171",38.8,61.2,"185,639","1,148,483",G,"24,527,528",G,"111,026,974",G,"292,532","21,059,820",G
United States,5412,"Accounting, Tax Preparation, Bookkeeping, and Payroll Services","516,305",26,74,"134,422","1,152,652",G,"16,427,595",G,"69,932,678",G,"381,883","10,984,283",G
United States,5413,"Architectural, Engineering, and Related Services","351,037",32.6,67.4,"114,347","1,534,715",G,"33,038,872",G,"135,935,336",G,"236,690","12,570,477",G
United States,5414,Specialized Design Services,"287,562",11.7,88.3,"33,651","122,063",G,"1,716,638",G,"7,510,830",G,"253,911","10,105,974",G
United States,5415,Computer Systems Design and Related Services,"457,069",30.8,69.2,"140,592","1,890,006",G,"47,336,292",G,"190,707,325",G,"316,477","16,097,513",G
United States,5416,"Management, Scientific, and Technical Consulting Services","1,070,482",17,83,"181,849","1,331,204",G,"28,535,138",G,"116,784,670",G,"888,633","43,792,189",G
United States,5417,Scientific Research and Development Services,"69,884",27,73,"18,868","772,335",G,"29,077,279",G,"100,580,680",G,"51,016","1,705,837",G
United States,5418,"Advertising, Public Relations, and Related Services","206,582",18.4,81.6,"37,974","484,137",G,"9,229,980",G,"36,051,621",G,"168,608","9,230,439",G
United States,5419,"Other Professional, Scientific, and Technical Services","1,211,080",6.1,93.9,"74,179","676,071",G,"7,997,477",G,"33,205,764",G,"1,136,901","52,826,113",G
United States,55,Management of Companies and Enterprises,N,N,N,"54,726","3,528,948",G,"114,075,585",G,"393,585,140",G,N,N,N
United States,551,Management of Companies and Enterprises,N,N,N,"54,726","3,528,948",G,"114,075,585",G,"393,585,140",G,N,N,N
United States,5511,Management of Companies and Enterprises,N,N,N,"54,726","3,528,948",G,"114,075,585",G,"393,585,140",G,N,N,N
United States,56,Administrative and Support and Waste Management and Remediation Services,"2,940,468",14.2,85.8,"418,868","12,287,806",G,"123,145,104",G,"512,058,819",G,"2,521,600","59,168,847",G
United States,561,Administrative and Support Services,"2,895,337",13.6,86.4,"393,261","11,862,147",G,"117,151,892",G,"487,188,277",G,"2,502,076","57,459,681",G
United States,5611,Office Administrative Services,"328,955",10.3,89.7,"33,926","508,260",G,"8,635,199",G,"33,728,053",G,"295,029","5,343,065",G
United States,5612,Facilities Support Services,"32,856",19,81,"6,251","272,808",H,"2,893,534",G,"11,662,839",G,"26,605","903,303",G
United States,5613,Employment Services,"93,549",57.4,42.6,"53,657","6,771,435",G,"70,381,263",G,"293,442,181",G,"39,892","1,545,091",G
United States,5614,Business Support Services,"264,694",11.8,88.2,"31,207","812,174",G,"7,859,685",G,"30,190,063",G,"233,487","6,790,792",G
United States,5615,Travel Arrangement and Reservation Services,"81,598",22.3,77.7,"18,207","221,552",G,"4,044,157",G,"14,442,845",G,"63,391","2,358,932",G
United States,5616,Investigation and Security Services,"171,036",14.9,85.1,"25,567","988,931",G,"7,606,736",G,"30,889,698",G,"145,469","2,560,223",G
United States,5617,Services to Buildings and Dwellings,"1,786,785",11.4,88.6,"204,323","1,990,534",G,"12,670,382",G,"60,122,585",G,"1,582,462","34,113,896",G
United States,5619,Other Support Services,"135,864",14.8,85.2,"20,123","296,453",G,"3,060,936",G,"12,710,013",G,"115,741","3,844,379",G
United States,562,Waste Management and Remediation Services,"45,131",56.7,43.3,"25,607","425,659",G,"5,993,212",G,"24,870,542",G,"19,524","1,709,166",G
United States,5621,Waste Collection,N,N,N,"11,800","223,566",G,"3,135,353",G,"12,758,532",G,N,N,N
United States,5622,Waste Treatment and Disposal,N,N,N,"2,630","58,751",H,"948,734",H,"3,890,382",G,N,N,N
United States,5629,Remediation and Other Waste Management Services,N,N,N,"11,177","143,342",G,"1,909,125",G,"8,221,628",G,N,N,N
United States,61,Educational Services,"913,404",11.7,88.3,"106,939","3,731,157",G,"36,130,263",G,"148,455,643",G,"806,465","11,875,142",G
United States,611,Educational Services,"913,404",11.7,88.3,"106,939","3,731,157",G,"36,130,263",G,"148,455,643",G,"806,465","11,875,142",G
United States,6111,Elementary and Secondary Schools,N,N,N,"22,046","1,065,678",G,"10,083,582",G,"41,172,313",G,N,N,N
United States,6112,Junior Colleges,N,N,N,787,"57,709",G,"483,024",G,"1,958,762",G,N,N,N
United States,6113,"Colleges, Universities, and Professional Schools",N,N,N,"4,335","1,869,188",G,"19,829,835",G,"81,571,099",G,N,N,N
United States,6114,Business Schools and Computer and Management Training,N,N,N,"8,627","66,541",G,"1,082,283",G,"4,553,356",G,N,N,N
United States,6115,Technical and Trade Schools,N,N,N,"8,199","108,278",G,"1,117,384",G,"4,583,758",G,N,N,N
United States,6116,Other Schools and Instruction,N,N,N,"53,477","457,320",G,"2,219,949",G,"9,186,329",G,N,N,N
United States,6117,Educational Support Services,N,N,N,"9,468","106,443",G,"1,314,206",G,"5,430,026",G,N,N,N
United States,62,Health Care and Social Assistance,"2,978,551",30.5,69.5,"907,426","20,498,753",G,"249,241,332",G,"1,039,361,468",G,"2,071,125","71,675,987",G
United States,621,Ambulatory Health Care Services,"1,834,536",34.3,65.7,"629,445","7,568,202",G,"107,122,164",G,"457,962,459",G,"1,205,091","55,073,415",G
United States,6211,Offices of Physicians,"443,656",49.9,50.1,"221,580","2,475,570",G,"51,003,543",G,"224,391,830",G,"222,076","19,455,745",G
United States,6212,Offices of Dentists,"188,086",72.6,27.4,"136,550","949,922",G,"11,099,622",G,"48,253,294",G,"51,536","3,709,215",G
United States,6213,Offices of Other Health Practitioners,"653,224",24.6,75.4,"160,718","906,881",G,"8,638,414",G,"36,486,212",G,"492,506","21,458,236",G
United States,6214,Outpatient Care Centers,"64,534",71.7,28.3,"46,254","1,137,989",G,"17,506,645",G,"70,461,857",G,"18,280","1,256,751",G
United States,6215,Medical and Diagnostic Laboratories,"36,485",49.9,50.1,"18,218","292,068",G,"4,459,623",G,"18,484,504",G,"18,267","1,123,923",G
United States,6216,Home Health Care Services,"389,967",8.7,91.3,"34,052","1,467,072",G,"10,688,204",G,"44,592,353",G,"355,915","6,453,567",G
United States,6219,Other Ambulatory Health Care Services,"58,584",20.6,79.4,"12,073","338,700",G,"3,726,113",G,"15,292,409",G,"46,511","1,615,978",G
United States,622,Hospitals,N,N,N,"6,906","6,055,138",G,"96,715,453",G,"394,159,287",G,N,N,N
United States,6221,General Medical and Surgical Hospitals,N,N,N,"5,444","5,564,706",G,"89,438,070",G,"364,164,323",G,N,N,N
United States,6222,Psychiatric and Substance Abuse Hospitals,N,N,N,692,"249,388",G,"3,452,329",G,"14,273,775",G,N,N,N
United States,6223,Specialty (except Psychiatric and Substance Abuse) Hospitals,N,N,N,770,"241,044",G,"3,825,054",G,"15,721,189",G,N,N,N
United States,623,Nursing and Residential Care Facilities,"171,844",52.8,47.2,"90,732","3,527,455",G,"25,942,060",G,"106,246,291",G,"81,112","2,502,310",G
United States,6231,Nursing Care Facilities (Skilled Nursing Facilities),N,N,N,"17,199","1,628,980",G,"13,088,453",G,"53,472,638",G,N,N,N
United States,6232,"Residential Intellectual and Developmental Disability, Mental Health, and Substance Abuse Facilities",N,N,N,"42,906","797,399",G,"5,503,186",G,"22,757,293",G,N,N,N
United States,6233,Continuing Care Retirement Communities and Assisted Living Facilities for the Elderly,N,N,N,"25,498","978,674",G,"6,381,054",G,"25,997,005",G,N,N,N
United States,6239,Other Residential Care Facilities,N,N,N,"5,129","122,402",G,"969,367",G,"4,019,355",G,N,N,N
United States,624,Social Assistance,"965,265",18.7,81.3,"180,343","3,347,958",G,"19,461,655",G,"80,993,431",G,"784,922","14,100,262",G
United States,6241,Individual and Family Services,"257,535",31.3,68.7,"80,577","1,876,399",G,"11,099,511",G,"46,405,782",G,"176,958","4,176,102",G
United States,6242,"Community Food and Housing, and Emergency and Other Relief Services","20,891",69.9,30.1,"14,595","198,825",G,"1,738,349",G,"7,202,860",G,"6,296","121,955",G
United States,6243,Vocational Rehabilitation Services,"19,671",37.2,62.8,"7,316","284,681",G,"1,465,444",G,"6,078,428",G,"12,355","351,215",G
United States,6244,Child Day Care Services,"667,168",11.7,88.3,"77,855","988,053",G,"5,158,351",G,"21,306,361",G,"589,313","9,450,990",G
United States,71,"Arts, Entertainment, and Recreation","1,660,847",8.9,91.1,"147,122","2,435,562",G,"18,540,703",G,"88,194,950",G,"1,513,725","40,345,732",G
United States,711,"Performing Arts, Spectator Sports, and Related Industries","1,407,675",4,96,"56,503","524,840",G,"8,633,652",G,"45,178,686",G,"1,351,172","32,896,882",G
United States,7111,Performing Arts Companies,"99,348",9.3,90.7,"9,216","122,722",G,"1,055,583",G,"4,916,024",G,"90,132","2,033,341",G
United States,7112,Spectator Sports,"218,028",1.9,98.1,"4,103","131,844",G,"4,654,929",G,"23,421,754",G,"213,925","3,887,300",G
United States,7113,"Promoters of Performing Arts, Sports, and Similar Events","76,337",10.6,89.4,"8,120","194,791",G,"1,300,645",G,"5,515,711",G,"68,217","2,860,580",G
United States,7114,"Agents and Managers for Artists, Athletes, Entertainers, and Other Public Figures","41,155",10.4,89.6,"4,268","22,391",G,"570,758",G,"2,687,016",G,"36,887","1,871,734",G
United States,7115,"Independent Artists, Writers, and Performers","972,807",3.2,96.8,"30,796","53,092",H,"1,051,737",G,"8,638,181",G,"942,011","22,243,927",G
United States,712,"Museums, Historical Sites, and Similar Institutions","13,801",56.1,43.9,"7,736","157,785",G,"1,315,088",G,"5,531,262",G,"6,065","125,454",G
United States,7121,"Museums, Historical Sites, and Similar Institutions","13,801",56.1,43.9,"7,736","157,785",G,"1,315,088",G,"5,531,262",G,"6,065","125,454",G
United States,713,"Amusement, Gambling, and Recreation Industries","239,371",34.6,65.4,"82,883","1,752,937",G,"8,591,963",G,"37,485,002",G,"156,488","7,323,396",G
United States,7131,Amusement Parks and Arcades,"8,073",48.1,51.9,"3,880","229,074",G,"1,221,254",G,"5,335,350",G,"4,193","259,927",G
United States,7132,Gambling Industries,"14,979",20.7,79.3,"3,094","134,784",G,"1,180,944",G,"4,711,642",G,"11,885","1,558,790",G
United States,7139,Other Amusement and Recreation Industries,"216,319",35.1,64.9,"75,909","1,389,079",G,"6,189,765",G,"27,438,010",G,"140,410","5,504,679",G
United States,72,Accommodation and Food Services,"1,193,042",61.5,38.5,"733,134","14,345,140",G,"68,719,295",G,"291,361,680",G,"459,908","18,744,155",G
United States,721,Accommodation,"181,231",38.1,61.9,"69,050","2,121,365",G,"15,627,841",G,"65,751,507",G,"112,181","4,554,057",G
United States,7211,Traveler Accommodation,"140,414",42.4,57.6,"59,497","2,063,537",G,"15,275,777",G,"63,801,533",G,"80,917","3,515,016",G
United States,7212,RV (Recreational Vehicle) Parks and Recreational Camps,"14,867",51.4,48.6,"7,649","48,154",G,"284,832",G,"1,690,689",G,"7,218","471,306",G
United States,7213,"Rooming and Boarding Houses, Dormitories, and Workers' Camps","25,950",7.3,92.7,"1,904","9,674",G,"67,232",G,"259,285",G,"24,046","567,735",G
United States,722,Food Services and Drinking Places,"1,011,811",65.6,34.4,"664,084","12,223,775",G,"53,091,454",G,"225,610,173",G,"347,727","14,190,098",G
United States,7223,Special Food Services,"265,711",16.8,83.2,"44,733","823,570",G,"4,526,479",G,"19,741,036",G,"220,978","5,952,456",G
United States,7224,Drinking Places (Alcoholic Beverages),"65,374",61.3,38.7,"40,100","371,773",G,"1,609,347",G,"6,920,522",G,"25,274","1,592,182",G
United States,7225,Restaurants and Other Eating Places,"680,726",85.1,14.9,"579,251","11,028,432",G,"46,955,628",G,"198,948,615",G,"101,475","6,645,460",G
United States,81,Other Services (except Public Administration),"3,744,996",20.5,79.5,"766,761","5,595,744",G,"45,967,415",G,"189,012,306",G,"2,978,235","90,820,212",G
United States,811,Repair and Maintenance,"776,930",28,72,"217,830","1,303,518",G,"13,318,228",G,"55,383,498",G,"559,100","25,240,863",G
United States,8111,Automotive Repair and Maintenance,"475,577",34.1,65.9,"162,285","925,939",G,"8,321,562",G,"34,790,192",G,"313,292","14,893,092",G
United States,8112,Electronic and Precision Equipment Repair and Maintenance,"44,994",27.4,72.6,"12,339","100,976",G,"1,451,665",G,"5,795,095",G,"32,655","1,337,775",G
United States,8113,Commercial and Industrial Machinery and Equipment (except Automotive and Electronic) Repair and Maintenance,"59,563",36.9,63.1,"21,973","203,633",G,"2,961,332",G,"12,254,091",G,"37,590","2,305,605",G
United States,8114,Personal and Household Goods Repair and Maintenance,"196,796",10.8,89.2,"21,233","72,970",G,"583,669",G,"2,544,120",G,"175,563","6,704,391",G
United States,812,Personal and Laundry Services,"2,460,381",9.7,90.3,"239,347","1,504,407",G,"9,312,732",G,"39,148,305",G,"2,221,034","62,311,831",G
United States,8121,Personal Care Services,"1,435,214",9.5,90.5,"136,598","737,544",G,"3,934,167",G,"16,826,107",G,"1,298,616","35,235,900",G
United States,8122,Death Care Services,"36,437",56.9,43.1,"20,739","135,390",G,"1,227,274",G,"5,126,866",G,"15,698","880,794",G
United States,8123,Drycleaning and Laundry Services,"58,097",57.1,42.9,"33,165","283,854",G,"1,964,911",G,"8,215,701",G,"24,932","1,661,310",G
United States,8129,Other Personal Services,"930,633",5.2,94.8,"48,845","347,619",G,"2,186,380",G,"8,979,631",G,"881,788","24,533,827",G
United States,813,"Religious, Grantmaking, Civic, Professional, and Similar Organizations","507,685",61,39,"309,584","2,787,819",G,"23,336,455",G,"94,480,503",G,"198,101","3,267,518",G
United States,8131,Religious Organizations,N,N,N,"185,820","1,693,661",G,"9,435,880",G,"38,394,838",G,N,N,N
United States,8132,Grantmaking and Giving Services,N,N,N,"20,673","195,985",G,"3,081,456",G,"12,610,809",G,N,N,N
United States,8133,Social Advocacy Organizations,N,N,N,"18,379","185,933",G,"2,244,407",G,"9,231,862",G,N,N,N
United States,8134,Civic and Social Organizations,N,N,N,"25,711","218,668",G,"1,241,521",G,"5,232,269",G,N,N,N
United States,8139,"Business, Professional, Labor, Political, and Similar Organizations",N,N,N,"59,001","493,572",G,"7,333,191",G,"29,010,725",G,N,N,N
United States,99,Industries not classified,N,N,N,"12,157","13,875",H,"78,795",G,"448,866",G,N,N,N